{
  "name": "stwrs",
  "version": "0.1.0",
  "private": true,
  "dependencies": {
    "@testing-library/jest-dom": "^5.16.4",
    "@testing-library/react": "^13.2.0",
    "@testing-library/user-event": "^13.5.0",
    "axios": "^0.27.2",
    "json-server": "^0.17.0",
    "react": "^18.1.0",
    "react-dom": "^18.1.0",
    "react-router-dom": "^6.3.0",
    "react-scripts": "5.0.1",
    "sass": "^1.51.0",
    "web-vitals": "^2.1.4"
  },
  "scripts": {
    "start": "react-scripts start",
    "build": "react-scripts build",
    "test": "react-scripts test",
    "eject": "react-scripts eject",
    "server": "json-server --w src/assets/db.json --port 3004"
  },
  "eslintConfig": {
    "extends": [
      "react-app",
      "react-app/jest"
    ]
  },
  "browserslist": {
    "production": [
      ">0.2%",
      "not dead",
      "not op_mini all"
    ],
    "development": [
      "last 1 chrome version",
      "last 1 firefox version",
      "last 1 safari version"
    ]
  }
}