{
  "articles": [
    {
      "author": "Mael",
      "content": "      Lorem, ipsum dolor sit amet consectetur adipisicing elit. Sapiente doloribus vel sunt laborum eos enim odit maxime corporis vero nihil voluptatum a, ullam delectus ad sit. Odit quis adipisci illo sit porro recusandae? Sequi, dolorum repellendus doloremque qui tempora beatae.",
      "date": 1621530288602,
      "id": 1
    },
    {
      "author": "Bill Gates",
      "content": "Lorem, ipsum dolor sit amet consectetur adipisicing elit. Sapiente doloribus vel sunt laborum eos enim odit maxime corporis vero nihil voluptatum a, ullam delectus ad sit. Odit quis adipisci illo sit porro recusandae? Sequi, dolorum repellendus doloremque qui tempora beatae.\n\nLorem, ipsum dolor sit amet consectetur adipisicing elit. Sapiente doloribus vel sunt laborum eos enim odit maxime corporis vero nihil voluptatum a, ullam delectus ad sit. Odit quis adipisci illo sit porro recusandae? Sequi, dolorum repellendus doloremque qui tempora beatae.",
      "date": 1621536029778,
      "id": 2
    },
    {
      "author": "Mark Zuckerberg",
      "content": "Lorem, ipsum dolor sit amet consectetur adipisicing elit. Sapiente doloribus vel sunt laborum eos enim odit maxime corporis vero nihil voluptatum a, ullam delectus ad sit. Odit quis adipisci illo sit porro recusandae? Sequi, dolorum repellendus doloremque qui tempora beatae.Lorem, ipsum dolor sit amet consectetur adipisicing elit. Sapiente doloribus vel sunt laborum eos enim odit maxime corporis vero nihil voluptatum a, ullam delectus ad sit. ",
      "date": 1621536056135,
      "id": 3
    },
    {
      "author": "Quentin Tarantino",
      "content": "Lorem, ipsum dolor sit amet consectetur adipisicing elit. Sapiente doloribus vel sunt laborum eos enim odit maxime corporis vero nihil voluptatum a, ullam delectus ad sit. Odit quis adipisci illo sit porro recusandae? Sequi, dolorum repellendus doloremque qui tempora beatae.Lorem, ipsum dolor sit amet consectetur adipisicing elit. Sapiente doloribus vel sunt laborum eos enim odit maxime corporis vero nihil voluptatum a, ullam delectus ad sit. ",
      "date": 1621536056135,
      "id": 4
    },
    {
      "author": "Jean",
      "content": "Lorem, ipsum dolor sit amet consectetur adipisicing elit. Sapiente doloribus vel sunt laborum eos enim odit maxime corporis vero nihil voluptatum a, ullam delectus ad sit. Odit quis adipisci illo sit porro recusandae? Sequi, dolorum repellendus doloremque qui tempora beatae.Lorem, ipsum dolor sit amet consectetur adipisicing elit. Sapiente doloribus vel sunt laborum eos enim odit maxime corporis vero nihil voluptatum a, ullam delectus ad sit.",
      "date": 1653183959761,
      "id": 5
    },
    {
      "author": "Leon",
      "content": "Lorem, ipsum dolor sit amet consectetur adipisicing elit. Sapiente doloribus vel sunt laborum eos enim odit maxime corporis vero nihil voluptatum a, ullam delectus ad sit. Odit quis adipisci illo sit porro recusandae? Sequi, dolorum repellendus doloremque qui tempora beatae.Lorem, ipsum dolor sit amet consectetur adipisicing elit. Sapiente doloribus vel sunt laborum eos enim odit maxime corporis vero nihil voluptatum a, ullam delectus ad sit.",
      "date": 1653184726024,
      "id": 6
    },
    {
      "author": "Naomi",
      "content": "Lorem, ipsum dolor sit amet consectetur adipisicing elit. Sapiente doloribus vel sunt laborum eos enim odit maxime corporis vero nihil voluptatum a, ullam delectus ad sit. Odit quis adipisci illo sit porro recusandae? Sequi, dolorum repellendus doloremque qui tempora beatae.Lorem, ipsum dolor sit amet consectetur adipisicing elit. Sapiente doloribus vel sunt laborum eos enim odit maxime corporis vero nihil voluptatum a, ullam delectus ad sit.\n\n",
      "date": 1653185245504,
      "id": 7
    },
    {
      "author": "Elon",
      "content": "Lorem, ipsum dolor sit amet consectetur adipisicing elit. Sapiente doloribus vel sunt laborum eos enim odit maxime corporis vero nihil voluptatum a, ullam delectus ad sit. Odit quis adipisci illo sit porro recusandae? Sequi, dolorum repellendus doloremque qui tempora beatae.Lorem, ipsum dolor sit amet consectetur adipisicing elit. Sapiente doloribus vel sunt laborum eos enim odit maxime corporis vero nihil",
      "date": 1653274044459,
      "id": 8
    },
    {
      "author": "Lia",
      "content": "Lorem, ipsum dolor sit amet consectetur adipisicing elit. Sapiente doloribus vel sunt laborum eos enim odit maxime corporis vero nihil voluptatum a, ullam delectus ad sit. Odit quis adipisci illo sit porro recusandae? Sequi, dolorum repellendus doloremque qui tempora beatae.Lorem, ipsum dolor sit amet consectetur adipisicing elit. Sapiente doloribus vel sunt laborum eos enim odit maxime corporis vero nihil",
      "date": 1653274273465,
      "id": 9
    },
    {
      "author": "John",
      "content": "Lorem, ipsum dolor sit amet consectetur adipisicing elit. Sapiente doloribus vel sunt laborum eos enim odit maxime corporis vero nihil voluptatum a, ullam delectus ad sit. Odit quis adipisci illo sit porro recusandae? Sequi, dolorum repellendus doloremque qui tempora beatae.Lorem, ipsum dolor sit amet consectetur adipisicing elit. Sapiente doloribus vel sunt laborum eos enim odit maxime corporis vero nihil\n\n",
      "date": 1653277042516,
      "id": 10
    },
    {
      "author": "Liam",
      "content": "Lorem, ipsum dolor sit amet consectetur adipisicing elit. Sapiente doloribus vel sunt laborum eos enim odit maxime corporis vero nihil voluptatum a, ullam delectus ad sit. Odit quis adipisci illo sit porro recusandae? Sequi, dolorum repellendus doloremque qui tempora beatae.Lorem, ipsum dolor sit amet consectetur adipisicing elit. Sapiente doloribus vel sunt laborum eos enim odit maxime corporis vero nihil",
      "date": 1653277341105,
      "id": 11
    }
  ]
}